"","date","province_state","lat","long","confirmed","deaths","recovered"
"1",2020-03-10,"Alaska",61.3707,-152.4044,0,0,0
"2",2020-03-10,"Arizona",33.7298,-111.4312,6,0,1
"3",2020-03-10,"Arkansas",34.9697,-92.3731,0,0,0
"4",2020-03-10,"California",36.1162,-119.6816,144,2,2
"5",2020-03-10,"Colorado",39.0598,-105.3111,15,0,0
"6",2020-03-10,"Connecticut",41.5978,-72.7554,2,0,0
"7",2020-03-10,"Delaware",39.3185,-75.5071,0,0,0
"8",2020-03-10,"Diamond Princess",35.4437,139.638,46,0,0
"9",2020-03-10,"District of Columbia",38.8974,-77.0268,5,0,0
"10",2020-03-10,"Florida",27.7663,-81.6868,15,2,0
"11",2020-03-10,"Georgia",33.0406,-83.6431,17,0,0
"12",2020-03-10,"Grand Princess",37.6489,-122.6655,21,0,0
"13",2020-03-10,"Hawaii",21.0943,-157.4983,2,0,0
"14",2020-03-10,"Idaho",44.2405,-114.4788,0,0,0
"15",2020-03-10,"Illinois",40.3495,-88.9861,12,0,2
"16",2020-03-10,"Indiana",39.8494,-86.2583,6,0,0
"17",2020-03-10,"Iowa",42.0115,-93.2105,8,0,0
"18",2020-03-10,"Kansas",38.5266,-96.7265,1,0,0
"19",2020-03-10,"Kentucky",37.6681,-84.6701,6,0,0
"20",2020-03-10,"Louisiana",31.1695,-91.8678,1,0,0
"21",2020-03-10,"Maine",44.6939,-69.3819,0,0,0
"22",2020-03-10,"Maryland",39.0639,-76.8021,8,0,0
"23",2020-03-10,"Massachusetts",42.2302,-71.5301,92,0,1
"24",2020-03-10,"Michigan",43.3266,-84.5361,0,0,0
"25",2020-03-10,"Minnesota",45.6945,-93.9002,3,0,0
"26",2020-03-10,"Mississippi",32.7416,-89.6787,0,0,0
"27",2020-03-10,"Missouri",38.4561,-92.2884,1,0,0
"28",2020-03-10,"Montana",46.9219,-110.4544,0,0,0
"29",2020-03-10,"Nebraska",41.1254,-98.2681,3,0,0
"30",2020-03-10,"Nevada",38.3135,-117.0554,4,0,0
"31",2020-03-10,"New Hampshire",43.4525,-71.5639,4,0,0
"32",2020-03-10,"New Jersey",40.2989,-74.521,15,1,0
"33",2020-03-10,"New Mexico",34.8405,-106.2485,0,0,0
"34",2020-03-10,"New York",42.1657,-74.9481,173,0,0
"35",2020-03-10,"North Carolina",35.6301,-79.8064,7,0,0
"36",2020-03-10,"North Dakota",47.5289,-99.784,0,0,0
"37",2020-03-10,"Ohio",40.3888,-82.7649,3,0,0
"38",2020-03-10,"Oklahoma",35.5653,-96.9289,2,0,0
"39",2020-03-10,"Oregon",44.572,-122.0709,15,0,0
"40",2020-03-10,"Pennsylvania",40.5908,-77.2098,12,0,0
"41",2020-03-10,"Rhode Island",41.6809,-71.5118,3,0,0
"42",2020-03-10,"South Carolina",33.8569,-80.945,7,0,0
"43",2020-03-10,"South Dakota",44.2998,-99.4388,0,0,0
"44",2020-03-10,"Tennessee",35.7478,-86.6923,7,0,0
"45",2020-03-10,"Texas",31.0545,-97.5635,13,0,0
"46",2020-03-10,"Utah",40.15,-111.8624,2,0,0
"47",2020-03-10,"Vermont",44.0459,-72.7107,1,0,0
"48",2020-03-10,"Virginia",37.7693,-78.17,7,0,0
"49",2020-03-10,"Washington",47.4009,-121.4905,267,23,1
"50",2020-03-10,"West Virginia",38.4912,-80.9545,0,0,0
"51",2020-03-10,"Wisconsin",44.2685,-89.6165,3,0,1
"52",2020-03-10,"Wyoming",42.756,-107.3025,0,0,0
"53",2020-03-11,"Alaska",61.3707,-152.4044,0,0,0
"54",2020-03-11,"Arizona",33.7298,-111.4312,9,0,1
"55",2020-03-11,"Arkansas",34.9697,-92.3731,1,0,0
"56",2020-03-11,"California",36.1162,-119.6816,177,3,2
"57",2020-03-11,"Colorado",39.0598,-105.3111,34,0,0
"58",2020-03-11,"Connecticut",41.5978,-72.7554,3,0,0
"59",2020-03-11,"Delaware",39.3185,-75.5071,1,0,0
"60",2020-03-11,"Diamond Princess",35.4437,139.638,46,0,0
"61",2020-03-11,"District of Columbia",38.8974,-77.0268,10,0,0
"62",2020-03-11,"Florida",27.7663,-81.6868,28,2,0
"63",2020-03-11,"Georgia",33.0406,-83.6431,23,0,0
"64",2020-03-11,"Grand Princess",37.6489,-122.6655,21,0,0
"65",2020-03-11,"Hawaii",21.0943,-157.4983,2,0,0
"66",2020-03-11,"Idaho",44.2405,-114.4788,0,0,0
"67",2020-03-11,"Illinois",40.3495,-88.9861,25,0,2
"68",2020-03-11,"Indiana",39.8494,-86.2583,11,0,0
"69",2020-03-11,"Iowa",42.0115,-93.2105,13,0,0
"70",2020-03-11,"Kansas",38.5266,-96.7265,1,0,0
"71",2020-03-11,"Kentucky",37.6681,-84.6701,8,0,0
"72",2020-03-11,"Louisiana",31.1695,-91.8678,6,0,0
"73",2020-03-11,"Maine",44.6939,-69.3819,0,0,0
"74",2020-03-11,"Maryland",39.0639,-76.8021,9,0,0
"75",2020-03-11,"Massachusetts",42.2302,-71.5301,95,0,1
"76",2020-03-11,"Michigan",43.3266,-84.5361,2,0,0
"77",2020-03-11,"Minnesota",45.6945,-93.9002,5,0,0
"78",2020-03-11,"Mississippi",32.7416,-89.6787,0,0,0
"79",2020-03-11,"Missouri",38.4561,-92.2884,1,0,0
"80",2020-03-11,"Montana",46.9219,-110.4544,1,0,0
"81",2020-03-11,"Nebraska",41.1254,-98.2681,5,0,0
"82",2020-03-11,"Nevada",38.3135,-117.0554,7,0,0
"83",2020-03-11,"New Hampshire",43.4525,-71.5639,5,0,0
"84",2020-03-11,"New Jersey",40.2989,-74.521,23,1,0
"85",2020-03-11,"New Mexico",34.8405,-106.2485,3,0,0
"86",2020-03-11,"New York",42.1657,-74.9481,220,0,0
"87",2020-03-11,"North Carolina",35.6301,-79.8064,7,0,0
"88",2020-03-11,"North Dakota",47.5289,-99.784,0,0,0
"89",2020-03-11,"Ohio",40.3888,-82.7649,4,0,0
"90",2020-03-11,"Oklahoma",35.5653,-96.9289,2,0,0
"91",2020-03-11,"Oregon",44.572,-122.0709,19,0,0
"92",2020-03-11,"Pennsylvania",40.5908,-77.2098,16,0,0
"93",2020-03-11,"Rhode Island",41.6809,-71.5118,5,0,0
"94",2020-03-11,"South Carolina",33.8569,-80.945,10,0,0
"95",2020-03-11,"South Dakota",44.2998,-99.4388,8,1,0
"96",2020-03-11,"Tennessee",35.7478,-86.6923,9,0,0
"97",2020-03-11,"Texas",31.0545,-97.5635,21,0,0
"98",2020-03-11,"Utah",40.15,-111.8624,3,0,0
"99",2020-03-11,"Vermont",44.0459,-72.7107,1,0,0
"100",2020-03-11,"Virginia",37.7693,-78.17,9,0,0
"101",2020-03-11,"Washington",47.4009,-121.4905,366,29,1
"102",2020-03-11,"West Virginia",38.4912,-80.9545,0,0,0
"103",2020-03-11,"Wisconsin",44.2685,-89.6165,6,0,1
"104",2020-03-11,"Wyoming",42.756,-107.3025,0,0,0
"105",2020-03-12,"Alaska",61.3707,-152.4044,0,0,0
"106",2020-03-12,"Arizona",33.7298,-111.4312,9,0,1
"107",2020-03-12,"Arkansas",34.9697,-92.3731,6,0,0
"108",2020-03-12,"California",36.1162,-119.6816,221,4,6
"109",2020-03-12,"Colorado",39.0598,-105.3111,45,0,0
"110",2020-03-12,"Connecticut",41.5978,-72.7554,5,0,0
"111",2020-03-12,"Delaware",39.3185,-75.5071,1,0,0
"112",2020-03-12,"Diamond Princess",35.4437,139.638,46,0,0
"113",2020-03-12,"District of Columbia",38.8974,-77.0268,10,0,0
"114",2020-03-12,"Florida",27.7663,-81.6868,35,2,0
"115",2020-03-12,"Georgia",33.0406,-83.6431,31,1,0
"116",2020-03-12,"Grand Princess",37.6489,-122.6655,21,0,0
"117",2020-03-12,"Hawaii",21.0943,-157.4983,2,0,0
"118",2020-03-12,"Idaho",44.2405,-114.4788,0,0,0
"119",2020-03-12,"Illinois",40.3495,-88.9861,32,0,2
"120",2020-03-12,"Indiana",39.8494,-86.2583,13,0,0
"121",2020-03-12,"Iowa",42.0115,-93.2105,16,0,0
"122",2020-03-12,"Kansas",38.5266,-96.7265,1,0,0
"123",2020-03-12,"Kentucky",37.6681,-84.6701,10,0,0
"124",2020-03-12,"Louisiana",31.1695,-91.8678,19,0,0
"125",2020-03-12,"Maine",44.6939,-69.3819,0,0,0
"126",2020-03-12,"Maryland",39.0639,-76.8021,12,0,0
"127",2020-03-12,"Massachusetts",42.2302,-71.5301,108,0,1
"128",2020-03-12,"Michigan",43.3266,-84.5361,2,0,0
"129",2020-03-12,"Minnesota",45.6945,-93.9002,9,0,0
"130",2020-03-12,"Mississippi",32.7416,-89.6787,1,0,0
"131",2020-03-12,"Missouri",38.4561,-92.2884,1,0,0
"132",2020-03-12,"Montana",46.9219,-110.4544,1,0,0
"133",2020-03-12,"Nebraska",41.1254,-98.2681,10,0,0
"134",2020-03-12,"Nevada",38.3135,-117.0554,14,0,0
"135",2020-03-12,"New Hampshire",43.4525,-71.5639,6,0,0
"136",2020-03-12,"New Jersey",40.2989,-74.521,29,1,0
"137",2020-03-12,"New Mexico",34.8405,-106.2485,5,0,0
"138",2020-03-12,"New York",42.1657,-74.9481,328,0,0
"139",2020-03-12,"North Carolina",35.6301,-79.8064,15,0,0
"140",2020-03-12,"North Dakota",47.5289,-99.784,1,0,0
"141",2020-03-12,"Ohio",40.3888,-82.7649,5,0,0
"142",2020-03-12,"Oklahoma",35.5653,-96.9289,2,0,0
"143",2020-03-12,"Oregon",44.572,-122.0709,24,0,0
"144",2020-03-12,"Pennsylvania",40.5908,-77.2098,22,0,0
"145",2020-03-12,"Rhode Island",41.6809,-71.5118,5,0,0
"146",2020-03-12,"South Carolina",33.8569,-80.945,12,0,0
"147",2020-03-12,"South Dakota",44.2998,-99.4388,8,1,0
"148",2020-03-12,"Tennessee",35.7478,-86.6923,18,0,0
"149",2020-03-12,"Texas",31.0545,-97.5635,27,0,0
"150",2020-03-12,"Utah",40.15,-111.8624,5,0,0
"151",2020-03-12,"Vermont",44.0459,-72.7107,2,0,0
"152",2020-03-12,"Virginia",37.7693,-78.17,17,0,0
"153",2020-03-12,"Washington",47.4009,-121.4905,442,31,1
"154",2020-03-12,"West Virginia",38.4912,-80.9545,0,0,0
"155",2020-03-12,"Wisconsin",44.2685,-89.6165,8,0,1
"156",2020-03-12,"Wyoming",42.756,-107.3025,1,0,0
"157",2020-03-13,"Alabama",32.3182,-86.9023,5,0,0
"158",2020-03-13,"Alaska",61.3707,-152.4044,1,0,0
"159",2020-03-13,"Arizona",33.7298,-111.4312,9,0,1
"160",2020-03-13,"Arkansas",34.9697,-92.3731,6,0,0
"161",2020-03-13,"California",36.1162,-119.6816,282,4,6
"162",2020-03-13,"Colorado",39.0598,-105.3111,49,0,0
"163",2020-03-13,"Connecticut",41.5978,-72.7554,11,0,0
"164",2020-03-13,"Delaware",39.3185,-75.5071,4,0,0
"165",2020-03-13,"Diamond Princess",35.4437,139.638,46,0,0
"166",2020-03-13,"District of Columbia",38.8974,-77.0268,10,0,0
"167",2020-03-13,"Florida",27.7663,-81.6868,50,2,0
"168",2020-03-13,"Georgia",33.0406,-83.6431,42,1,0
"169",2020-03-13,"Grand Princess",37.6489,-122.6655,21,0,0
"170",2020-03-13,"Hawaii",21.0943,-157.4983,2,0,0
"171",2020-03-13,"Idaho",44.2405,-114.4788,1,0,0
"172",2020-03-13,"Illinois",40.3495,-88.9861,46,0,2
"173",2020-03-13,"Indiana",39.8494,-86.2583,13,0,0
"174",2020-03-13,"Iowa",42.0115,-93.2105,17,0,0
"175",2020-03-13,"Kansas",38.5266,-96.7265,5,1,0
"176",2020-03-13,"Kentucky",37.6681,-84.6701,14,0,0
"177",2020-03-13,"Louisiana",31.1695,-91.8678,36,0,0
"178",2020-03-13,"Maine",44.6939,-69.3819,1,0,0
"179",2020-03-13,"Maryland",39.0639,-76.8021,18,0,0
"180",2020-03-13,"Massachusetts",42.2302,-71.5301,123,0,1
"181",2020-03-13,"Michigan",43.3266,-84.5361,16,0,0
"182",2020-03-13,"Minnesota",45.6945,-93.9002,14,0,0
"183",2020-03-13,"Mississippi",32.7416,-89.6787,1,0,0
"184",2020-03-13,"Missouri",38.4561,-92.2884,2,0,0
"185",2020-03-13,"Montana",46.9219,-110.4544,1,0,0
"186",2020-03-13,"Nebraska",41.1254,-98.2681,13,0,0
"187",2020-03-13,"Nevada",38.3135,-117.0554,17,0,0
"188",2020-03-13,"New Hampshire",43.4525,-71.5639,6,0,0
"189",2020-03-13,"New Jersey",40.2989,-74.521,29,1,0
"190",2020-03-13,"New Mexico",34.8405,-106.2485,10,0,0
"191",2020-03-13,"New York",42.1657,-74.9481,421,0,0
"192",2020-03-13,"North Carolina",35.6301,-79.8064,17,0,0
"193",2020-03-13,"North Dakota",47.5289,-99.784,1,0,0
"194",2020-03-13,"Ohio",40.3888,-82.7649,13,0,0
"195",2020-03-13,"Oklahoma",35.5653,-96.9289,2,0,0
"196",2020-03-13,"Oregon",44.572,-122.0709,30,0,0
"197",2020-03-13,"Pennsylvania",40.5908,-77.2098,41,0,0
"198",2020-03-13,"Rhode Island",41.6809,-71.5118,14,0,0
"199",2020-03-13,"South Carolina",33.8569,-80.945,13,0,0
"200",2020-03-13,"South Dakota",44.2998,-99.4388,8,1,0
"201",2020-03-13,"Tennessee",35.7478,-86.6923,26,0,0
"202",2020-03-13,"Texas",31.0545,-97.5635,43,0,0
"203",2020-03-13,"Utah",40.15,-111.8624,9,0,0
"204",2020-03-13,"Vermont",44.0459,-72.7107,2,0,0
"205",2020-03-13,"Virginia",37.7693,-78.17,30,0,0
"206",2020-03-13,"Washington",47.4009,-121.4905,568,37,1
"207",2020-03-13,"West Virginia",38.4912,-80.9545,0,0,0
"208",2020-03-13,"Wisconsin",44.2685,-89.6165,19,0,1
"209",2020-03-13,"Wyoming",42.756,-107.3025,1,0,0
"210",2020-03-14,"Alabama",32.3182,-86.9023,6,0,0
"211",2020-03-14,"Arizona",33.7298,-111.4312,12,0,1
"212",2020-03-14,"Arkansas",34.9697,-92.3731,12,0,0
"213",2020-03-14,"California",36.1162,-119.6816,340,5,6
"214",2020-03-14,"Colorado",39.0598,-105.3111,101,1,0
"215",2020-03-14,"Connecticut",41.5978,-72.7554,22,0,0
"216",2020-03-14,"Delaware",39.3185,-75.5071,6,0,0
"217",2020-03-14,"Diamond Princess",35.4437,139.638,46,0,0
"218",2020-03-14,"District of Columbia",38.8974,-77.0268,10,0,0
"219",2020-03-14,"Florida",27.7663,-81.6868,76,3,0
"220",2020-03-14,"Georgia",33.0406,-83.6431,66,1,0
"221",2020-03-14,"Grand Princess",37.6489,-122.6655,21,0,0
"222",2020-03-14,"Hawaii",21.0943,-157.4983,4,0,0
"223",2020-03-14,"Idaho",44.2405,-114.4788,2,0,0
"224",2020-03-14,"Illinois",40.3495,-88.9861,64,0,2
"225",2020-03-14,"Indiana",39.8494,-86.2583,16,0,0
"226",2020-03-14,"Iowa",42.0115,-93.2105,17,0,0
"227",2020-03-14,"Kansas",38.5266,-96.7265,8,1,0
"228",2020-03-14,"Kentucky",37.6681,-84.6701,14,0,0
"229",2020-03-14,"Louisiana",31.1695,-91.8678,77,1,0
"230",2020-03-14,"Maine",44.6939,-69.3819,3,0,0
"231",2020-03-14,"Maryland",39.0639,-76.8021,26,0,0
"232",2020-03-14,"Massachusetts",42.2302,-71.5301,138,0,1
"233",2020-03-14,"Michigan",43.3266,-84.5361,25,0,0
"234",2020-03-14,"Minnesota",45.6945,-93.9002,21,0,0
"235",2020-03-14,"Mississippi",32.7416,-89.6787,6,0,0
"236",2020-03-14,"Missouri",38.4561,-92.2884,4,0,0
"237",2020-03-14,"Montana",46.9219,-110.4544,5,0,0
"238",2020-03-14,"Nebraska",41.1254,-98.2681,14,0,0
"239",2020-03-14,"Nevada",38.3135,-117.0554,21,0,0
"240",2020-03-14,"New Hampshire",43.4525,-71.5639,7,0,0
"241",2020-03-14,"New Jersey",40.2989,-74.521,69,1,0
"242",2020-03-14,"New Mexico",34.8405,-106.2485,10,0,0
"243",2020-03-14,"New York",42.1657,-74.9481,525,2,0
"244",2020-03-14,"North Carolina",35.6301,-79.8064,24,0,0
"245",2020-03-14,"North Dakota",47.5289,-99.784,1,0,0
"246",2020-03-14,"Ohio",40.3888,-82.7649,26,0,0
"247",2020-03-14,"Oklahoma",35.5653,-96.9289,4,0,0
"248",2020-03-14,"Oregon",44.572,-122.0709,32,0,0
"249",2020-03-14,"Pennsylvania",40.5908,-77.2098,47,0,0
"250",2020-03-14,"Puerto Rico",18.2208,-66.5901,3,0,0
"251",2020-03-14,"Rhode Island",41.6809,-71.5118,20,0,0
"252",2020-03-14,"South Carolina",33.8569,-80.945,19,0,0
"253",2020-03-14,"South Dakota",44.2998,-99.4388,9,1,0
"254",2020-03-14,"Tennessee",35.7478,-86.6923,32,0,0
"255",2020-03-14,"Texas",31.0545,-97.5635,57,0,0
"256",2020-03-14,"Utah",40.15,-111.8624,10,0,0
"257",2020-03-14,"Vermont",44.0459,-72.7107,5,0,0
"258",2020-03-14,"Virgin Islands, U.S.",18.3358,-64.8963,1,0,0
"259",2020-03-14,"Virginia",37.7693,-78.17,41,1,0
"260",2020-03-14,"Washington",47.4009,-121.4905,572,37,1
"261",2020-03-14,"West Virginia",38.4912,-80.9545,0,0,0
"262",2020-03-14,"Wisconsin",44.2685,-89.6165,27,0,1
"263",2020-03-14,"Wyoming",42.756,-107.3025,2,0,0
"264",2020-03-15,"Alabama",32.3182,-86.9023,12,0,0
"265",2020-03-15,"Alaska",61.3707,-152.4044,1,0,0
"266",2020-03-15,"Arizona",33.7298,-111.4312,13,0,1
"267",2020-03-15,"Arkansas",34.9697,-92.3731,16,0,0
"268",2020-03-15,"California",36.1162,-119.6816,426,6,6
"269",2020-03-15,"Colorado",39.0598,-105.3111,131,1,0
"270",2020-03-15,"Connecticut",41.5978,-72.7554,24,0,0
"271",2020-03-15,"Delaware",39.3185,-75.5071,7,0,0
"272",2020-03-15,"Diamond Princess",35.4437,139.638,46,0,0
"273",2020-03-15,"District of Columbia",38.8974,-77.0268,16,0,0
"274",2020-03-15,"Florida",27.7663,-81.6868,115,4,0
"275",2020-03-15,"Georgia",33.0406,-83.6431,99,1,0
"276",2020-03-15,"Grand Princess",37.6489,-122.6655,21,0,0
"277",2020-03-15,"Guam",13.4443,144.7937,3,0,0
"278",2020-03-15,"Hawaii",21.0943,-157.4983,6,0,0
"279",2020-03-15,"Idaho",44.2405,-114.4788,5,0,0
"280",2020-03-15,"Illinois",40.3495,-88.9861,93,0,2
"281",2020-03-15,"Indiana",39.8494,-86.2583,20,0,0
"282",2020-03-15,"Iowa",42.0115,-93.2105,18,0,0
"283",2020-03-15,"Kansas",38.5266,-96.7265,8,1,0
"284",2020-03-15,"Kentucky",37.6681,-84.6701,20,0,0
"285",2020-03-15,"Louisiana",31.1695,-91.8678,91,2,0
"286",2020-03-15,"Maine",44.6939,-69.3819,12,0,0
"287",2020-03-15,"Maryland",39.0639,-76.8021,32,0,0
"288",2020-03-15,"Massachusetts",42.2302,-71.5301,164,0,1
"289",2020-03-15,"Michigan",43.3266,-84.5361,33,0,0
"290",2020-03-15,"Minnesota",45.6945,-93.9002,35,0,0
"291",2020-03-15,"Mississippi",32.7416,-89.6787,10,0,0
"292",2020-03-15,"Missouri",38.4561,-92.2884,5,0,0
"293",2020-03-15,"Montana",46.9219,-110.4544,7,0,0
"294",2020-03-15,"Nebraska",41.1254,-98.2681,17,0,0
"295",2020-03-15,"Nevada",38.3135,-117.0554,24,0,0
"296",2020-03-15,"New Hampshire",43.4525,-71.5639,13,0,0
"297",2020-03-15,"New Jersey",40.2989,-74.521,98,2,0
"298",2020-03-15,"New Mexico",34.8405,-106.2485,13,0,0
"299",2020-03-15,"New York",42.1657,-74.9481,732,3,0
"300",2020-03-15,"North Carolina",35.6301,-79.8064,33,0,0
"301",2020-03-15,"North Dakota",47.5289,-99.784,1,0,0
"302",2020-03-15,"Ohio",40.3888,-82.7649,37,0,0
"303",2020-03-15,"Oklahoma",35.5653,-96.9289,7,0,0
"304",2020-03-15,"Oregon",44.572,-122.0709,36,1,0
"305",2020-03-15,"Pennsylvania",40.5908,-77.2098,66,0,0
"306",2020-03-15,"Puerto Rico",18.2208,-66.5901,5,0,0
"307",2020-03-15,"Rhode Island",41.6809,-71.5118,20,0,0
"308",2020-03-15,"South Carolina",33.8569,-80.945,28,0,0
"309",2020-03-15,"South Dakota",44.2998,-99.4388,9,1,0
"310",2020-03-15,"Tennessee",35.7478,-86.6923,39,0,0
"311",2020-03-15,"Texas",31.0545,-97.5635,72,0,0
"312",2020-03-15,"Utah",40.15,-111.8624,28,0,0
"313",2020-03-15,"Vermont",44.0459,-72.7107,8,0,0
"314",2020-03-15,"Virgin Islands, U.S.",18.3358,-64.8963,1,0,0
"315",2020-03-15,"Virginia",37.7693,-78.17,45,1,0
"316",2020-03-15,"Washington",47.4009,-121.4905,643,40,1
"317",2020-03-15,"West Virginia",38.4912,-80.9545,0,0,0
"318",2020-03-15,"Wisconsin",44.2685,-89.6165,32,0,1
"319",2020-03-15,"Wyoming",42.756,-107.3025,3,0,0
"320",2020-03-16,"Alabama",32.3182,-86.9023,29,0,0
"321",2020-03-16,"Alaska",61.3707,-152.4044,1,0,0
"322",2020-03-16,"Arizona",33.7298,-111.4312,18,0,1
"323",2020-03-16,"Arkansas",34.9697,-92.3731,22,0,0
"324",2020-03-16,"California",36.1162,-119.6816,557,7,6
"325",2020-03-16,"Colorado",39.0598,-105.3111,160,1,0
"326",2020-03-16,"Connecticut",41.5978,-72.7554,30,0,0
"327",2020-03-16,"Delaware",39.3185,-75.5071,8,0,0
"328",2020-03-16,"Diamond Princess",35.4437,139.638,47,0,0
"329",2020-03-16,"District of Columbia",38.8974,-77.0268,22,0,0
"330",2020-03-16,"Florida",27.7663,-81.6868,155,5,0
"331",2020-03-16,"Georgia",33.0406,-83.6431,121,1,0
"332",2020-03-16,"Grand Princess",37.6489,-122.6655,20,0,0
"333",2020-03-16,"Guam",13.4443,144.7937,3,0,0
"334",2020-03-16,"Hawaii",21.0943,-157.4983,7,0,0
"335",2020-03-16,"Idaho",44.2405,-114.4788,5,0,0
"336",2020-03-16,"Illinois",40.3495,-88.9861,105,0,2
"337",2020-03-16,"Indiana",39.8494,-86.2583,25,1,0
"338",2020-03-16,"Iowa",42.0115,-93.2105,23,0,0
"339",2020-03-16,"Kansas",38.5266,-96.7265,11,1,0
"340",2020-03-16,"Kentucky",37.6681,-84.6701,21,1,1
"341",2020-03-16,"Louisiana",31.1695,-91.8678,136,3,0
"342",2020-03-16,"Maine",44.6939,-69.3819,17,0,0
"343",2020-03-16,"Maryland",39.0639,-76.8021,41,0,3
"344",2020-03-16,"Massachusetts",42.2302,-71.5301,197,0,1
"345",2020-03-16,"Michigan",43.3266,-84.5361,53,0,0
"346",2020-03-16,"Minnesota",45.6945,-93.9002,54,0,0
"347",2020-03-16,"Mississippi",32.7416,-89.6787,13,0,0
"348",2020-03-16,"Missouri",38.4561,-92.2884,6,0,0
"349",2020-03-16,"Montana",46.9219,-110.4544,7,0,0
"350",2020-03-16,"Nebraska",41.1254,-98.2681,18,0,0
"351",2020-03-16,"Nevada",38.3135,-117.0554,45,1,0
"352",2020-03-16,"New Hampshire",43.4525,-71.5639,17,0,0
"353",2020-03-16,"New Jersey",40.2989,-74.521,178,2,1
"354",2020-03-16,"New Mexico",34.8405,-106.2485,17,0,0
"355",2020-03-16,"New York",42.1657,-74.9481,967,10,0
"356",2020-03-16,"North Carolina",35.6301,-79.8064,38,0,0
"357",2020-03-16,"North Dakota",47.5289,-99.784,1,0,0
"358",2020-03-16,"Ohio",40.3888,-82.7649,50,0,0
"359",2020-03-16,"Oklahoma",35.5653,-96.9289,10,0,0
"360",2020-03-16,"Oregon",44.572,-122.0709,39,1,0
"361",2020-03-16,"Pennsylvania",40.5908,-77.2098,77,0,0
"362",2020-03-16,"Puerto Rico",18.2208,-66.5901,5,0,0
"363",2020-03-16,"Rhode Island",41.6809,-71.5118,21,0,0
"364",2020-03-16,"South Carolina",33.8569,-80.945,33,1,0
"365",2020-03-16,"South Dakota",44.2998,-99.4388,10,1,0
"366",2020-03-16,"Tennessee",35.7478,-86.6923,52,0,0
"367",2020-03-16,"Texas",31.0545,-97.5635,85,0,0
"368",2020-03-16,"Utah",40.15,-111.8624,39,0,0
"369",2020-03-16,"Vermont",44.0459,-72.7107,12,0,0
"370",2020-03-16,"Virgin Islands",18.3358,-64.8963,1,0,0
"371",2020-03-16,"Virginia",37.7693,-78.17,49,1,0
"372",2020-03-16,"Washington",47.4009,-121.4905,904,48,1
"373",2020-03-16,"West Virginia",38.4912,-80.9545,0,0,0
"374",2020-03-16,"Wisconsin",44.2685,-89.6165,47,0,1
"375",2020-03-16,"Wyoming",42.756,-107.3025,3,0,0
"376",2020-03-17,"Alabama",32.3182,-86.9023,39,0,0
"377",2020-03-17,"Alaska",61.3707,-152.4044,3,0,0
"378",2020-03-17,"Arizona",33.7298,-111.4312,20,0,1
"379",2020-03-17,"Arkansas",34.9697,-92.3731,22,0,0
"380",2020-03-17,"California",36.1162,-119.6816,698,12,6
"381",2020-03-17,"Colorado",39.0598,-105.3111,160,2,0
"382",2020-03-17,"Connecticut",41.5978,-72.7554,68,0,0
"383",2020-03-17,"Delaware",39.3185,-75.5071,16,0,0
"384",2020-03-17,"Diamond Princess",35.4437,139.638,47,0,0
"385",2020-03-17,"District of Columbia",38.8974,-77.0268,22,0,0
"386",2020-03-17,"Florida",27.7663,-81.6868,216,6,0
"387",2020-03-17,"Georgia",33.0406,-83.6431,146,1,0
"388",2020-03-17,"Grand Princess",37.6489,-122.6655,21,0,0
"389",2020-03-17,"Guam",13.4443,144.7937,3,0,0
"390",2020-03-17,"Hawaii",21.0943,-157.4983,10,0,0
"391",2020-03-17,"Idaho",44.2405,-114.4788,8,0,0
"392",2020-03-17,"Illinois",40.3495,-88.9861,161,1,2
"393",2020-03-17,"Indiana",39.8494,-86.2583,30,2,0
"394",2020-03-17,"Iowa",42.0115,-93.2105,23,0,0
"395",2020-03-17,"Kansas",38.5266,-96.7265,18,1,0
"396",2020-03-17,"Kentucky",37.6681,-84.6701,26,1,1
"397",2020-03-17,"Louisiana",31.1695,-91.8678,196,4,0
"398",2020-03-17,"Maine",44.6939,-69.3819,32,0,0
"399",2020-03-17,"Maryland",39.0639,-76.8021,60,0,3
"400",2020-03-17,"Massachusetts",42.2302,-71.5301,218,0,1
"401",2020-03-17,"Michigan",43.3266,-84.5361,65,0,0
"402",2020-03-17,"Minnesota",45.6945,-93.9002,60,0,0
"403",2020-03-17,"Mississippi",32.7416,-89.6787,21,0,0
"404",2020-03-17,"Missouri",38.4561,-92.2884,11,0,0
"405",2020-03-17,"Montana",46.9219,-110.4544,9,0,0
"406",2020-03-17,"Nebraska",41.1254,-98.2681,21,0,0
"407",2020-03-17,"Nevada",38.3135,-117.0554,56,1,0
"408",2020-03-17,"New Hampshire",43.4525,-71.5639,26,0,0
"409",2020-03-17,"New Jersey",40.2989,-74.521,267,3,1
"410",2020-03-17,"New Mexico",34.8405,-106.2485,23,0,0
"411",2020-03-17,"New York",42.1657,-74.9481,1706,13,0
"412",2020-03-17,"North Carolina",35.6301,-79.8064,64,0,0
"413",2020-03-17,"North Dakota",47.5289,-99.784,3,0,0
"414",2020-03-17,"Ohio",40.3888,-82.7649,67,0,0
"415",2020-03-17,"Oklahoma",35.5653,-96.9289,19,0,0
"416",2020-03-17,"Oregon",44.572,-122.0709,66,1,0
"417",2020-03-17,"Pennsylvania",40.5908,-77.2098,112,0,0
"418",2020-03-17,"Puerto Rico",18.2208,-66.5901,5,0,0
"419",2020-03-17,"Rhode Island",41.6809,-71.5118,23,0,0
"420",2020-03-17,"South Carolina",33.8569,-80.945,47,1,0
"421",2020-03-17,"South Dakota",44.2998,-99.4388,11,1,0
"422",2020-03-17,"Tennessee",35.7478,-86.6923,74,0,0
"423",2020-03-17,"Texas",31.0545,-97.5635,110,1,0
"424",2020-03-17,"Utah",40.15,-111.8624,51,0,0
"425",2020-03-17,"Vermont",44.0459,-72.7107,12,0,0
"426",2020-03-17,"Virgin Islands",18.3358,-64.8963,2,0,0
"427",2020-03-17,"Virginia",37.7693,-78.17,67,2,0
"428",2020-03-17,"Washington",47.4009,-121.4905,1076,55,1
"429",2020-03-17,"West Virginia",38.4912,-80.9545,1,0,0
"430",2020-03-17,"Wisconsin",44.2685,-89.6165,72,0,1
"431",2020-03-17,"Wyoming",42.756,-107.3025,11,0,0
"432",2020-03-18,"Alabama",32.3182,-86.9023,46,0,0
"433",2020-03-18,"Alaska",61.3707,-152.4044,6,0,0
"434",2020-03-18,"Arizona",33.7298,-111.4312,27,0,0
"435",2020-03-18,"Arkansas",34.9697,-92.3731,33,0,0
"436",2020-03-18,"California",36.1162,-119.6816,751,13,0
"437",2020-03-18,"Colorado",39.0598,-105.3111,184,2,0
"438",2020-03-18,"Connecticut",41.5978,-72.7554,68,0,0
"439",2020-03-18,"Delaware",39.3185,-75.5071,19,0,0
"440",2020-03-18,"Diamond Princess",35.4437,139.638,47,0,0
"441",2020-03-18,"District of Columbia",38.8974,-77.0268,31,0,0
"442",2020-03-18,"Florida",27.7663,-81.6868,314,7,0
"443",2020-03-18,"Georgia",33.0406,-83.6431,199,3,0
"444",2020-03-18,"Grand Princess",37.6489,-122.6655,21,0,0
"445",2020-03-18,"Guam",13.4443,144.7937,5,0,0
"446",2020-03-18,"Hawaii",21.0943,-157.4983,14,0,0
"447",2020-03-18,"Idaho",44.2405,-114.4788,9,0,0
"448",2020-03-18,"Illinois",40.3495,-88.9861,162,1,0
"449",2020-03-18,"Indiana",39.8494,-86.2583,39,2,0
"450",2020-03-18,"Iowa",42.0115,-93.2105,29,0,0
"451",2020-03-18,"Kansas",38.5266,-96.7265,18,1,0
"452",2020-03-18,"Kentucky",37.6681,-84.6701,27,1,0
"453",2020-03-18,"Louisiana",31.1695,-91.8678,257,4,0
"454",2020-03-18,"Maine",44.6939,-69.3819,42,0,0
"455",2020-03-18,"Maryland",39.0639,-76.8021,85,0,0
"456",2020-03-18,"Massachusetts",42.2302,-71.5301,218,0,0
"457",2020-03-18,"Michigan",43.3266,-84.5361,83,0,0
"458",2020-03-18,"Minnesota",45.6945,-93.9002,77,0,0
"459",2020-03-18,"Mississippi",32.7416,-89.6787,34,0,0
"460",2020-03-18,"Missouri",38.4561,-92.2884,18,0,0
"461",2020-03-18,"Montana",46.9219,-110.4544,11,0,0
"462",2020-03-18,"Nebraska",41.1254,-98.2681,24,0,0
"463",2020-03-18,"Nevada",38.3135,-117.0554,55,1,0
"464",2020-03-18,"New Hampshire",43.4525,-71.5639,26,0,0
"465",2020-03-18,"New Jersey",40.2989,-74.521,267,3,0
"466",2020-03-18,"New Mexico",34.8405,-106.2485,23,0,0
"467",2020-03-18,"New York",42.1657,-74.9481,2495,16,0
"468",2020-03-18,"North Carolina",35.6301,-79.8064,70,0,0
"469",2020-03-18,"North Dakota",47.5289,-99.784,6,0,0
"470",2020-03-18,"Ohio",40.3888,-82.7649,86,0,0
"471",2020-03-18,"Oklahoma",35.5653,-96.9289,19,0,0
"472",2020-03-18,"Oregon",44.572,-122.0709,68,2,0
"473",2020-03-18,"Pennsylvania",40.5908,-77.2098,152,0,0
"474",2020-03-18,"Puerto Rico",18.2208,-66.5901,5,0,0
"475",2020-03-18,"Rhode Island",41.6809,-71.5118,33,0,0
"476",2020-03-18,"South Carolina",33.8569,-80.945,47,1,0
"477",2020-03-18,"South Dakota",44.2998,-99.4388,11,1,0
"478",2020-03-18,"Tennessee",35.7478,-86.6923,79,0,0
"479",2020-03-18,"Texas",31.0545,-97.5635,173,3,0
"480",2020-03-18,"United States Virgin Islands",18.35,-64.933,2,0,0
"481",2020-03-18,"US",37.0902,-95.7129,1,0,106
"482",2020-03-18,"Utah",40.15,-111.8624,51,0,0
"483",2020-03-18,"Vermont",44.0459,-72.7107,18,0,0
"484",2020-03-18,"Virgin Islands",18.3358,-64.8963,2,0,0
"485",2020-03-18,"Virginia",37.7693,-78.17,77,2,0
"486",2020-03-18,"Washington",47.4009,-121.4905,1014,55,0
"487",2020-03-18,"West Virginia",38.4912,-80.9545,1,0,0
"488",2020-03-18,"Wisconsin",44.2685,-89.6165,92,0,0
"489",2020-03-18,"Wyoming",42.756,-107.3025,15,0,0
"490",2020-03-19,"Alabama",32.3182,-86.9023,78,0,0
"491",2020-03-19,"Alaska",61.3707,-152.4044,9,0,0
"492",2020-03-19,"Arizona",33.7298,-111.4312,45,0,0
"493",2020-03-19,"Arkansas",34.9697,-92.3731,62,0,0
"494",2020-03-19,"California",36.1162,-119.6816,952,18,0
"495",2020-03-19,"Colorado",39.0598,-105.3111,277,4,0
"496",2020-03-19,"Connecticut",41.5978,-72.7554,159,2,0
"497",2020-03-19,"Delaware",39.3185,-75.5071,30,0,0
"498",2020-03-19,"Diamond Princess",35.4437,139.638,47,0,0
"499",2020-03-19,"District of Columbia",38.8974,-77.0268,40,0,0
"500",2020-03-19,"Florida",27.7663,-81.6868,417,9,0
"501",2020-03-19,"Georgia",33.0406,-83.6431,287,10,0
"502",2020-03-19,"Grand Princess",37.6489,-122.6655,22,0,0
"503",2020-03-19,"Guam",13.4443,144.7937,12,0,0
"504",2020-03-19,"Hawaii",21.0943,-157.4983,16,0,0
"505",2020-03-19,"Idaho",44.2405,-114.4788,11,0,0
"506",2020-03-19,"Illinois",40.3495,-88.9861,422,4,0
"507",2020-03-19,"Indiana",39.8494,-86.2583,60,2,0
"508",2020-03-19,"Iowa",42.0115,-93.2105,44,0,0
"509",2020-03-19,"Kansas",38.5266,-96.7265,34,1,0
"510",2020-03-19,"Kentucky",37.6681,-84.6701,37,2,0
"511",2020-03-19,"Louisiana",31.1695,-91.8678,392,10,0
"512",2020-03-19,"Maine",44.6939,-69.3819,52,0,0
"513",2020-03-19,"Maryland",39.0639,-76.8021,107,1,0
"514",2020-03-19,"Massachusetts",42.2302,-71.5301,328,0,0
"515",2020-03-19,"Michigan",43.3266,-84.5361,334,3,0
"516",2020-03-19,"Minnesota",45.6945,-93.9002,89,0,0
"517",2020-03-19,"Mississippi",32.7416,-89.6787,50,1,0
"518",2020-03-19,"Missouri",38.4561,-92.2884,31,1,0
"519",2020-03-19,"Montana",46.9219,-110.4544,11,0,0
"520",2020-03-19,"Nebraska",41.1254,-98.2681,29,0,0
"521",2020-03-19,"Nevada",38.3135,-117.0554,95,1,0
"522",2020-03-19,"New Hampshire",43.4525,-71.5639,44,0,0
"523",2020-03-19,"New Jersey",40.2989,-74.521,742,9,0
"524",2020-03-19,"New Mexico",34.8405,-106.2485,35,0,0
"525",2020-03-19,"New York",42.1657,-74.9481,5365,34,0
"526",2020-03-19,"North Carolina",35.6301,-79.8064,123,0,0
"527",2020-03-19,"North Dakota",47.5289,-99.784,18,0,0
"528",2020-03-19,"Ohio",40.3888,-82.7649,119,0,0
"529",2020-03-19,"Oklahoma",35.5653,-96.9289,44,1,0
"530",2020-03-19,"Oregon",44.572,-122.0709,88,3,0
"531",2020-03-19,"Pennsylvania",40.5908,-77.2098,206,1,0
"532",2020-03-19,"Puerto Rico",18.2208,-66.5901,5,0,0
"533",2020-03-19,"Rhode Island",41.6809,-71.5118,44,0,0
"534",2020-03-19,"South Carolina",33.8569,-80.945,81,1,0
"535",2020-03-19,"South Dakota",44.2998,-99.4388,11,1,0
"536",2020-03-19,"Tennessee",35.7478,-86.6923,154,0,0
"537",2020-03-19,"Texas",31.0545,-97.5635,260,5,0
"538",2020-03-19,"United States Virgin Islands",18.35,-64.933,2,0,0
"539",2020-03-19,"US",37.0902,-95.7129,1,0,108
"540",2020-03-19,"Utah",40.15,-111.8624,80,0,0
"541",2020-03-19,"Vermont",44.0459,-72.7107,22,0,0
"542",2020-03-19,"Virgin Islands",18.3358,-64.8963,3,0,0
"543",2020-03-19,"Virginia",37.7693,-78.17,99,2,0
"544",2020-03-19,"Washington",47.4009,-121.4905,1376,74,0
"545",2020-03-19,"West Virginia",38.4912,-80.9545,2,0,0
"546",2020-03-19,"Wisconsin",44.2685,-89.6165,159,0,0
"547",2020-03-19,"Wyoming",42.756,-107.3025,18,0,0
"548",2020-03-20,"Alabama",32.3182,-86.9023,83,0,0
"549",2020-03-20,"Alaska",61.3707,-152.4044,12,0,0
"550",2020-03-20,"Arizona",33.7298,-111.4312,78,0,0
"551",2020-03-20,"Arkansas",34.9697,-92.3731,96,0,0
"552",2020-03-20,"California",36.1162,-119.6816,1177,23,0
"553",2020-03-20,"Colorado",39.0598,-105.3111,363,4,0
"554",2020-03-20,"Connecticut",41.5978,-72.7554,194,3,0
"555",2020-03-20,"Delaware",39.3185,-75.5071,38,0,0
"556",2020-03-20,"Diamond Princess",35.4437,139.638,49,0,0
"557",2020-03-20,"District of Columbia",38.8974,-77.0268,71,1,0
"558",2020-03-20,"Florida",27.7663,-81.6868,563,10,0
"559",2020-03-20,"Georgia",33.0406,-83.6431,420,13,0
"560",2020-03-20,"Grand Princess",37.6489,-122.6655,23,0,0
"561",2020-03-20,"Guam",13.4443,144.7937,14,0,0
"562",2020-03-20,"Hawaii",21.0943,-157.4983,26,0,0
"563",2020-03-20,"Idaho",44.2405,-114.4788,23,0,0
"564",2020-03-20,"Illinois",40.3495,-88.9861,585,5,0
"565",2020-03-20,"Indiana",39.8494,-86.2583,86,2,0
"566",2020-03-20,"Iowa",42.0115,-93.2105,45,0,0
"567",2020-03-20,"Kansas",38.5266,-96.7265,44,1,0
"568",2020-03-20,"Kentucky",37.6681,-84.6701,47,2,0
"569",2020-03-20,"Louisiana",31.1695,-91.8678,538,14,0
"570",2020-03-20,"Maine",44.6939,-69.3819,56,0,0
"571",2020-03-20,"Maryland",39.0639,-76.8021,149,1,0
"572",2020-03-20,"Massachusetts",42.2302,-71.5301,413,1,0
"573",2020-03-20,"Michigan",43.3266,-84.5361,552,3,0
"574",2020-03-20,"Minnesota",45.6945,-93.9002,115,0,0
"575",2020-03-20,"Mississippi",32.7416,-89.6787,80,1,0
"576",2020-03-20,"Missouri",38.4561,-92.2884,53,2,0
"577",2020-03-20,"Montana",46.9219,-110.4544,15,0,0
"578",2020-03-20,"Nebraska",41.1254,-98.2681,37,0,0
"579",2020-03-20,"Nevada",38.3135,-117.0554,114,1,0
"580",2020-03-20,"New Hampshire",43.4525,-71.5639,44,0,0
"581",2020-03-20,"New Jersey",40.2989,-74.521,890,11,0
"582",2020-03-20,"New Mexico",34.8405,-106.2485,43,0,0
"583",2020-03-20,"New York",42.1657,-74.9481,8310,42,0
"584",2020-03-20,"North Carolina",35.6301,-79.8064,172,0,0
"585",2020-03-20,"North Dakota",47.5289,-99.784,19,0,0
"586",2020-03-20,"Ohio",40.3888,-82.7649,173,2,0
"587",2020-03-20,"Oklahoma",35.5653,-96.9289,49,1,0
"588",2020-03-20,"Oregon",44.572,-122.0709,114,3,0
"589",2020-03-20,"Pennsylvania",40.5908,-77.2098,303,1,0
"590",2020-03-20,"Puerto Rico",18.2208,-66.5901,14,0,0
"591",2020-03-20,"Rhode Island",41.6809,-71.5118,54,0,0
"592",2020-03-20,"South Carolina",33.8569,-80.945,126,1,0
"593",2020-03-20,"South Dakota",44.2998,-99.4388,14,1,0
"594",2020-03-20,"Tennessee",35.7478,-86.6923,233,0,0
"595",2020-03-20,"Texas",31.0545,-97.5635,394,5,0
"596",2020-03-20,"United States Virgin Islands",18.35,-64.933,3,0,0
"597",2020-03-20,"US",37.0902,-95.7129,1,0,147
"598",2020-03-20,"Utah",40.15,-111.8624,78,0,0
"599",2020-03-20,"Vermont",44.0459,-72.7107,29,2,0
"600",2020-03-20,"Virginia",37.7693,-78.17,122,2,0
"601",2020-03-20,"Washington",47.4009,-121.4905,1524,83,0
"602",2020-03-20,"West Virginia",38.4912,-80.9545,7,0,0
"603",2020-03-20,"Wisconsin",44.2685,-89.6165,207,3,0
"604",2020-03-20,"Wyoming",42.756,-107.3025,19,0,0
"605",2020-03-21,"Alabama",32.3182,-86.9023,131,0,0
"606",2020-03-21,"Alaska",61.3707,-152.4044,15,0,0
"607",2020-03-21,"Arizona",33.7298,-111.4312,118,1,0
"608",2020-03-21,"Arkansas",34.9697,-92.3731,122,0,0
"609",2020-03-21,"California",36.1162,-119.6816,1364,24,0
"610",2020-03-21,"Colorado",39.0598,-105.3111,390,4,0
"611",2020-03-21,"Connecticut",41.5978,-72.7554,194,4,0
"612",2020-03-21,"Delaware",39.3185,-75.5071,45,0,0
"613",2020-03-21,"Diamond Princess",35.4437,139.638,49,0,0
"614",2020-03-21,"District of Columbia",38.8974,-77.0268,77,1,0
"615",2020-03-21,"Florida",27.7663,-81.6868,659,13,0
"616",2020-03-21,"Georgia",33.0406,-83.6431,507,14,0
"617",2020-03-21,"Grand Princess",37.6489,-122.6655,23,0,0
"618",2020-03-21,"Guam",13.4443,144.7937,15,0,0
"619",2020-03-21,"Hawaii",21.0943,-157.4983,37,0,0
"620",2020-03-21,"Idaho",44.2405,-114.4788,36,0,0
"621",2020-03-21,"Illinois",40.3495,-88.9861,753,6,0
"622",2020-03-21,"Indiana",39.8494,-86.2583,128,4,0
"623",2020-03-21,"Iowa",42.0115,-93.2105,68,0,0
"624",2020-03-21,"Kansas",38.5266,-96.7265,57,2,0
"625",2020-03-21,"Kentucky",37.6681,-84.6701,87,3,0
"626",2020-03-21,"Louisiana",31.1695,-91.8678,585,16,0
"627",2020-03-21,"Maine",44.6939,-69.3819,70,0,0
"628",2020-03-21,"Maryland",39.0639,-76.8021,193,2,0
"629",2020-03-21,"Massachusetts",42.2302,-71.5301,525,1,0
"630",2020-03-21,"Michigan",43.3266,-84.5361,788,5,0
"631",2020-03-21,"Minnesota",45.6945,-93.9002,138,1,0
"632",2020-03-21,"Mississippi",32.7416,-89.6787,140,1,0
"633",2020-03-21,"Missouri",38.4561,-92.2884,74,3,0
"634",2020-03-21,"Montana",46.9219,-110.4544,21,0,0
"635",2020-03-21,"Nebraska",41.1254,-98.2681,38,0,0
"636",2020-03-21,"Nevada",38.3135,-117.0554,161,2,0
"637",2020-03-21,"New Hampshire",43.4525,-71.5639,55,0,0
"638",2020-03-21,"New Jersey",40.2989,-74.521,1327,16,0
"639",2020-03-21,"New Mexico",34.8405,-106.2485,43,0,0
"640",2020-03-21,"New York",42.1657,-74.9481,11710,60,0
"641",2020-03-21,"North Carolina",35.6301,-79.8064,253,0,0
"642",2020-03-21,"North Dakota",47.5289,-99.784,28,0,0
"643",2020-03-21,"Ohio",40.3888,-82.7649,248,3,0
"644",2020-03-21,"Oklahoma",35.5653,-96.9289,53,1,0
"645",2020-03-21,"Oregon",44.572,-122.0709,114,5,0
"646",2020-03-21,"Pennsylvania",40.5908,-77.2098,396,2,0
"647",2020-03-21,"Puerto Rico",18.2208,-66.5901,21,1,0
"648",2020-03-21,"Rhode Island",41.6809,-71.5118,66,0,0
"649",2020-03-21,"South Carolina",33.8569,-80.945,171,3,0
"650",2020-03-21,"South Dakota",44.2998,-99.4388,14,1,0
"651",2020-03-21,"Tennessee",35.7478,-86.6923,371,1,0
"652",2020-03-21,"Texas",31.0545,-97.5635,581,5,0
"653",2020-03-21,"United States Virgin Islands",18.35,-64.933,6,0,0
"654",2020-03-21,"US",37.0902,-95.7129,1,0,171
"655",2020-03-21,"Utah",40.15,-111.8624,136,0,0
"656",2020-03-21,"Vermont",44.0459,-72.7107,29,2,0
"657",2020-03-21,"Virginia",37.7693,-78.17,156,2,0
"658",2020-03-21,"Washington",47.4009,-121.4905,1793,94,0
"659",2020-03-21,"West Virginia",38.4912,-80.9545,8,0,0
"660",2020-03-21,"Wisconsin",44.2685,-89.6165,282,4,0
"661",2020-03-21,"Wyoming",42.756,-107.3025,23,0,0
"662",2020-03-22,"Alabama",32.3182,-86.9023,157,0,0
"663",2020-03-22,"Alaska",61.3707,-152.4044,20,0,0
"664",2020-03-22,"American Samoa",-14.271,-170.132,0,0,0
"665",2020-03-22,"Arizona",33.7298,-111.4312,152,2,0
"666",2020-03-22,"Arkansas",34.9697,-92.3731,165,0,0
"667",2020-03-22,"California",36.1162,-119.6816,1646,30,0
"668",2020-03-22,"Colorado",39.0598,-105.3111,591,6,0
"669",2020-03-22,"Connecticut",41.5978,-72.7554,327,8,0
"670",2020-03-22,"Delaware",39.3185,-75.5071,56,0,0
"671",2020-03-22,"Diamond Princess",35.4437,139.638,49,0,0
"672",2020-03-22,"District of Columbia",38.8974,-77.0268,102,2,0
"673",2020-03-22,"Florida",27.7663,-81.6868,1004,13,0
"674",2020-03-22,"Georgia",33.0406,-83.6431,621,25,0
"675",2020-03-22,"Grand Princess",37.6489,-122.6655,30,1,0
"676",2020-03-22,"Guam",13.4443,144.7937,27,1,0
"677",2020-03-22,"Hawaii",21.0943,-157.4983,53,0,0
"678",2020-03-22,"Idaho",44.2405,-114.4788,42,0,0
"679",2020-03-22,"Illinois",40.3495,-88.9861,1049,9,0
"680",2020-03-22,"Indiana",39.8494,-86.2583,204,6,0
"681",2020-03-22,"Iowa",42.0115,-93.2105,90,0,0
"682",2020-03-22,"Kansas",38.5266,-96.7265,65,2,0
"683",2020-03-22,"Kentucky",37.6681,-84.6701,103,3,0
"684",2020-03-22,"Louisiana",31.1695,-91.8678,837,20,0
"685",2020-03-22,"Maine",44.6939,-69.3819,89,0,0
"686",2020-03-22,"Maryland",39.0639,-76.8021,244,3,0
"687",2020-03-22,"Massachusetts",42.2302,-71.5301,646,5,0
"688",2020-03-22,"Michigan",43.3266,-84.5361,1035,9,0
"689",2020-03-22,"Minnesota",45.6945,-93.9002,167,1,0
"690",2020-03-22,"Mississippi",32.7416,-89.6787,207,1,0
"691",2020-03-22,"Missouri",38.4561,-92.2884,87,3,0
"692",2020-03-22,"Montana",46.9219,-110.4544,34,0,0
"693",2020-03-22,"Nebraska",41.1254,-98.2681,51,0,0
"694",2020-03-22,"Nevada",38.3135,-117.0554,190,2,0
"695",2020-03-22,"New Hampshire",43.4525,-71.5639,74,0,0
"696",2020-03-22,"New Jersey",40.2989,-74.521,1914,20,0
"697",2020-03-22,"New Mexico",34.8405,-106.2485,57,0,0
"698",2020-03-22,"New York",42.1657,-74.9481,15800,117,0
"699",2020-03-22,"North Carolina",35.6301,-79.8064,305,0,0
"700",2020-03-22,"North Dakota",47.5289,-99.784,28,0,0
"701",2020-03-22,"Northern Mariana Islands",15.0979,145.6739,0,0,0
"702",2020-03-22,"Ohio",40.3888,-82.7649,356,3,0
"703",2020-03-22,"Oklahoma",35.5653,-96.9289,67,2,0
"704",2020-03-22,"Oregon",44.572,-122.0709,161,5,0
"705",2020-03-22,"Pennsylvania",40.5908,-77.2098,509,4,0
"706",2020-03-22,"Puerto Rico",18.2208,-66.5901,23,1,0
"707",2020-03-22,"Rhode Island",41.6809,-71.5118,83,0,0
"708",2020-03-22,"South Carolina",33.8569,-80.945,196,3,0
"709",2020-03-22,"South Dakota",44.2998,-99.4388,21,1,0
"710",2020-03-22,"Tennessee",35.7478,-86.6923,505,2,0
"711",2020-03-22,"Texas",31.0545,-97.5635,643,7,0
"712",2020-03-22,"Utah",40.15,-111.8624,162,1,0
"713",2020-03-22,"Vermont",44.0459,-72.7107,52,2,0
"714",2020-03-22,"Virgin Islands",18.3358,-64.8963,6,0,0
"715",2020-03-22,"Virginia",37.7693,-78.17,220,6,0
"716",2020-03-22,"Washington",47.4009,-121.4905,1997,97,0
"717",2020-03-22,"West Virginia",38.4912,-80.9545,16,0,0
"718",2020-03-22,"Wisconsin",44.2685,-89.6165,381,4,0
"719",2020-03-22,"Wuhan Evacuee",0,0,4,0,0
"720",2020-03-22,"Wyoming",42.756,-107.3025,26,0,0
"721",2020-03-23,"Alabama",32.3182,-86.9023,196,0,0
"722",2020-03-23,"Alaska",61.3707,-152.4044,30,0,0
"723",2020-03-23,"American Samoa",-14.271,-170.132,0,0,0
"724",2020-03-23,"Arizona",33.7298,-111.4312,235,2,0
"725",2020-03-23,"Arkansas",34.9697,-92.3731,192,0,0
"726",2020-03-23,"California",36.1162,-119.6816,2108,39,0
"727",2020-03-23,"Colorado",39.0598,-105.3111,704,7,0
"728",2020-03-23,"Connecticut",41.5978,-72.7554,415,10,0
"729",2020-03-23,"Delaware",39.3185,-75.5071,68,0,0
"730",2020-03-23,"Diamond Princess",35.4437,139.638,49,0,0
"731",2020-03-23,"District of Columbia",38.8974,-77.0268,120,2,0
"732",2020-03-23,"Florida",27.7663,-81.6868,1227,18,0
"733",2020-03-23,"Georgia",33.0406,-83.6431,772,25,0
"734",2020-03-23,"Grand Princess",37.6489,-122.6655,28,1,0
"735",2020-03-23,"Guam",13.4443,144.7937,29,1,0
"736",2020-03-23,"Hawaii",21.0943,-157.4983,56,0,0
"737",2020-03-23,"Idaho",44.2405,-114.4788,68,0,0
"738",2020-03-23,"Illinois",40.3495,-88.9861,1285,12,0
"739",2020-03-23,"Indiana",39.8494,-86.2583,270,7,0
"740",2020-03-23,"Iowa",42.0115,-93.2105,105,0,0
"741",2020-03-23,"Kansas",38.5266,-96.7265,84,2,0
"742",2020-03-23,"Kentucky",37.6681,-84.6701,123,4,0
"743",2020-03-23,"Louisiana",31.1695,-91.8678,1172,35,0
"744",2020-03-23,"Maine",44.6939,-69.3819,107,0,0
"745",2020-03-23,"Maryland",39.0639,-76.8021,290,3,0
"746",2020-03-23,"Massachusetts",42.2302,-71.5301,777,9,0
"747",2020-03-23,"Michigan",43.3266,-84.5361,1329,15,0
"748",2020-03-23,"Minnesota",45.6945,-93.9002,234,1,0
"749",2020-03-23,"Mississippi",32.7416,-89.6787,249,1,0
"750",2020-03-23,"Missouri",38.4561,-92.2884,187,4,0
"751",2020-03-23,"Montana",46.9219,-110.4544,34,0,0
"752",2020-03-23,"Nebraska",41.1254,-98.2681,51,0,0
"753",2020-03-23,"Nevada",38.3135,-117.0554,245,4,0
"754",2020-03-23,"New Hampshire",43.4525,-71.5639,101,1,0
"755",2020-03-23,"New Jersey",40.2989,-74.521,2844,27,0
"756",2020-03-23,"New Mexico",34.8405,-106.2485,83,0,0
"757",2020-03-23,"New York",42.1657,-74.9481,20884,158,0
"758",2020-03-23,"North Carolina",35.6301,-79.8064,353,0,0
"759",2020-03-23,"North Dakota",47.5289,-99.784,30,0,0
"760",2020-03-23,"Northern Mariana Islands",15.0979,145.6739,0,0,0
"761",2020-03-23,"Ohio",40.3888,-82.7649,443,6,0
"762",2020-03-23,"Oklahoma",35.5653,-96.9289,81,2,0
"763",2020-03-23,"Oregon",44.572,-122.0709,191,5,0
"764",2020-03-23,"Pennsylvania",40.5908,-77.2098,698,6,0
"765",2020-03-23,"Puerto Rico",18.2208,-66.5901,31,2,0
"766",2020-03-23,"Rhode Island",41.6809,-71.5118,106,0,0
"767",2020-03-23,"South Carolina",33.8569,-80.945,298,5,0
"768",2020-03-23,"South Dakota",44.2998,-99.4388,28,1,0
"769",2020-03-23,"Tennessee",35.7478,-86.6923,614,2,0
"770",2020-03-23,"Texas",31.0545,-97.5635,758,9,0
"771",2020-03-23,"Utah",40.15,-111.8624,257,1,0
"772",2020-03-23,"Vermont",44.0459,-72.7107,75,5,0
"773",2020-03-23,"Virgin Islands",18.3358,-64.8963,7,0,0
"774",2020-03-23,"Virginia",37.7693,-78.17,254,6,0
"775",2020-03-23,"Washington",47.4009,-121.4905,2221,109,0
"776",2020-03-23,"West Virginia",38.4912,-80.9545,16,0,0
"777",2020-03-23,"Wisconsin",44.2685,-89.6165,425,5,0
"778",2020-03-23,"Wuhan Evacuee",0,0,4,0,0
"779",2020-03-23,"Wyoming",42.756,-107.3025,26,0,0
"780",2020-03-24,"Alabama",32.3182,-86.9023,242,0,0
"781",2020-03-24,"Alaska",61.3707,-152.4044,34,0,0
"782",2020-03-24,"American Samoa",-14.271,-170.132,0,0,0
"783",2020-03-24,"Arizona",33.7298,-111.4312,326,5,0
"784",2020-03-24,"Arkansas",34.9697,-92.3731,219,2,0
"785",2020-03-24,"California",36.1162,-119.6816,2538,50,0
"786",2020-03-24,"Colorado",39.0598,-105.3111,723,8,0
"787",2020-03-24,"Connecticut",41.5978,-72.7554,618,12,0
"788",2020-03-24,"Delaware",39.3185,-75.5071,104,0,0
"789",2020-03-24,"Diamond Princess",35.4437,139.638,49,0,0
"790",2020-03-24,"District of Columbia",38.8974,-77.0268,141,2,0
"791",2020-03-24,"Florida",27.7663,-81.6868,1412,18,0
"792",2020-03-24,"Georgia",33.0406,-83.6431,1026,32,0
"793",2020-03-24,"Grand Princess",37.6489,-122.6655,28,1,0
"794",2020-03-24,"Guam",13.4443,144.7937,32,1,0
"795",2020-03-24,"Hawaii",21.0943,-157.4983,90,1,0
"796",2020-03-24,"Idaho",44.2405,-114.4788,81,0,0
"797",2020-03-24,"Illinois",40.3495,-88.9861,1537,16,0
"798",2020-03-24,"Indiana",39.8494,-86.2583,368,12,0
"799",2020-03-24,"Iowa",42.0115,-93.2105,124,0,0
"800",2020-03-24,"Kansas",38.5266,-96.7265,100,2,0
"801",2020-03-24,"Kentucky",37.6681,-84.6701,162,4,0
"802",2020-03-24,"Louisiana",31.1695,-91.8678,1388,46,0
"803",2020-03-24,"Maine",44.6939,-69.3819,118,0,0
"804",2020-03-24,"Maryland",39.0639,-76.8021,349,4,0
"805",2020-03-24,"Massachusetts",42.2302,-71.5301,1159,11,0
"806",2020-03-24,"Michigan",43.3266,-84.5361,1793,24,0
"807",2020-03-24,"Minnesota",45.6945,-93.9002,261,1,0
"808",2020-03-24,"Mississippi",32.7416,-89.6787,320,1,0
"809",2020-03-24,"Missouri",38.4561,-92.2884,257,7,0
"810",2020-03-24,"Montana",46.9219,-110.4544,51,0,0
"811",2020-03-24,"Nebraska",41.1254,-98.2681,66,0,0
"812",2020-03-24,"Nevada",38.3135,-117.0554,278,4,0
"813",2020-03-24,"New Hampshire",43.4525,-71.5639,101,1,0
"814",2020-03-24,"New Jersey",40.2989,-74.521,3675,44,0
"815",2020-03-24,"New Mexico",34.8405,-106.2485,100,0,0
"816",2020-03-24,"New York",42.1657,-74.9481,25681,210,0
"817",2020-03-24,"North Carolina",35.6301,-79.8064,495,0,0
"818",2020-03-24,"North Dakota",47.5289,-99.784,36,0,0
"819",2020-03-24,"Northern Mariana Islands",15.0979,145.6739,0,0,0
"820",2020-03-24,"Ohio",40.3888,-82.7649,567,8,0
"821",2020-03-24,"Oklahoma",35.5653,-96.9289,106,3,0
"822",2020-03-24,"Oregon",44.572,-122.0709,210,8,0
"823",2020-03-24,"Pennsylvania",40.5908,-77.2098,946,8,0
"824",2020-03-24,"Puerto Rico",18.2208,-66.5901,39,2,0
"825",2020-03-24,"Recovered",0,0,0,0,348
"826",2020-03-24,"Rhode Island",41.6809,-71.5118,124,0,0
"827",2020-03-24,"South Carolina",33.8569,-80.945,342,5,0
"828",2020-03-24,"South Dakota",44.2998,-99.4388,30,1,0
"829",2020-03-24,"Tennessee",35.7478,-86.6923,772,2,0
"830",2020-03-24,"Texas",31.0545,-97.5635,955,12,0
"831",2020-03-24,"Utah",40.15,-111.8624,298,1,0
"832",2020-03-24,"Vermont",44.0459,-72.7107,95,7,0
"833",2020-03-24,"Virgin Islands",18.3358,-64.8963,17,0,0
"834",2020-03-24,"Virginia",37.7693,-78.17,293,9,0
"835",2020-03-24,"Washington",47.4009,-121.4905,2328,116,0
"836",2020-03-24,"West Virginia",38.4912,-80.9545,22,0,0
"837",2020-03-24,"Wisconsin",44.2685,-89.6165,481,5,0
"838",2020-03-24,"Wuhan Evacuee",0,0,4,0,0
"839",2020-03-24,"Wyoming",42.756,-107.3025,29,0,0
"840",2020-03-25,"Alabama",32.3182,-86.9023,381,1,0
"841",2020-03-25,"Alaska",61.3707,-152.4044,41,1,0
"842",2020-03-25,"American Samoa",-14.271,-170.132,0,0,0
"843",2020-03-25,"Arizona",33.7298,-111.4312,401,6,0
"844",2020-03-25,"Arkansas",34.9697,-92.3731,280,2,0
"845",2020-03-25,"California",36.1162,-119.6816,2998,65,0
"846",2020-03-25,"Colorado",39.0598,-105.3111,1021,16,0
"847",2020-03-25,"Connecticut",41.5978,-72.7554,875,19,0
"848",2020-03-25,"Delaware",39.3185,-75.5071,119,0,0
"849",2020-03-25,"Diamond Princess",35.4437,139.638,49,0,0
"850",2020-03-25,"District of Columbia",38.8974,-77.0268,187,2,0
"851",2020-03-25,"Florida",27.7663,-81.6868,1682,23,0
"852",2020-03-25,"Georgia",33.0406,-83.6431,1247,40,0
"853",2020-03-25,"Grand Princess",37.6489,-122.6655,28,1,0
"854",2020-03-25,"Guam",13.4443,144.7937,37,1,0
"855",2020-03-25,"Hawaii",21.0943,-157.4983,91,0,0
"856",2020-03-25,"Idaho",44.2405,-114.4788,91,0,0
"857",2020-03-25,"Illinois",40.3495,-88.9861,1865,19,0
"858",2020-03-25,"Indiana",39.8494,-86.2583,477,14,0
"859",2020-03-25,"Iowa",42.0115,-93.2105,146,1,0
"860",2020-03-25,"Kansas",38.5266,-96.7265,134,3,0
"861",2020-03-25,"Kentucky",37.6681,-84.6701,197,5,0
"862",2020-03-25,"Louisiana",31.1695,-91.8678,1795,65,0
"863",2020-03-25,"Maine",44.6939,-69.3819,142,0,0
"864",2020-03-25,"Maryland",39.0639,-76.8021,425,4,0
"865",2020-03-25,"Massachusetts",42.2302,-71.5301,1838,15,0
"866",2020-03-25,"Michigan",43.3266,-84.5361,2296,43,0
"867",2020-03-25,"Minnesota",45.6945,-93.9002,286,1,0
"868",2020-03-25,"Mississippi",32.7416,-89.6787,377,3,0
"869",2020-03-25,"Missouri",38.4561,-92.2884,354,8,0
"870",2020-03-25,"Montana",46.9219,-110.4544,65,0,0
"871",2020-03-25,"Nebraska",41.1254,-98.2681,71,0,0
"872",2020-03-25,"Nevada",38.3135,-117.0554,323,6,0
"873",2020-03-25,"New Hampshire",43.4525,-71.5639,108,1,0
"874",2020-03-25,"New Jersey",40.2989,-74.521,4402,62,0
"875",2020-03-25,"New Mexico",34.8405,-106.2485,113,1,0
"876",2020-03-25,"New York",42.1657,-74.9481,30841,285,0
"877",2020-03-25,"North Carolina",35.6301,-79.8064,590,2,0
"878",2020-03-25,"North Dakota",47.5289,-99.784,45,0,0
"879",2020-03-25,"Northern Mariana Islands",15.0979,145.6739,0,0,0
"880",2020-03-25,"Ohio",40.3888,-82.7649,704,11,0
"881",2020-03-25,"Oklahoma",35.5653,-96.9289,164,5,0
"882",2020-03-25,"Oregon",44.572,-122.0709,266,10,0
"883",2020-03-25,"Pennsylvania",40.5908,-77.2098,1260,15,0
"884",2020-03-25,"Puerto Rico",18.2208,-66.5901,51,2,0
"885",2020-03-25,"Recovered",0,0,0,0,361
"886",2020-03-25,"Rhode Island",41.6809,-71.5118,132,0,0
"887",2020-03-25,"South Carolina",33.8569,-80.945,424,7,0
"888",2020-03-25,"South Dakota",44.2998,-99.4388,41,1,0
"889",2020-03-25,"Tennessee",35.7478,-86.6923,916,3,0
"890",2020-03-25,"Texas",31.0545,-97.5635,1229,15,0
"891",2020-03-25,"Utah",40.15,-111.8624,340,1,0
"892",2020-03-25,"Vermont",44.0459,-72.7107,125,8,0
"893",2020-03-25,"Virgin Islands",18.3358,-64.8963,17,0,0
"894",2020-03-25,"Virginia",37.7693,-78.17,396,9,0
"895",2020-03-25,"Washington",47.4009,-121.4905,2591,133,0
"896",2020-03-25,"West Virginia",38.4912,-80.9545,39,0,0
"897",2020-03-25,"Wisconsin",44.2685,-89.6165,621,7,0
"898",2020-03-25,"Wyoming",42.756,-107.3025,44,0,0
"899",2020-03-26,"Alabama",32.3182,-86.9023,517,1,0
"900",2020-03-26,"Alaska",61.3707,-152.4044,56,1,0
"901",2020-03-26,"American Samoa",-14.271,-170.132,0,0,0
"902",2020-03-26,"Arizona",33.7298,-111.4312,508,8,0
"903",2020-03-26,"Arkansas",34.9697,-92.3731,335,2,0
"904",2020-03-26,"California",36.1162,-119.6816,3899,81,0
"905",2020-03-26,"Colorado",39.0598,-105.3111,1430,19,0
"906",2020-03-26,"Connecticut",41.5978,-72.7554,1012,21,0
"907",2020-03-26,"Delaware",39.3185,-75.5071,130,1,0
"908",2020-03-26,"Diamond Princess",35.4437,139.638,49,0,0
"909",2020-03-26,"District of Columbia",38.8974,-77.0268,231,3,0
"910",2020-03-26,"Florida",27.7663,-81.6868,2357,29,0
"911",2020-03-26,"Georgia",33.0406,-83.6431,1525,48,0
"912",2020-03-26,"Grand Princess",37.6489,-122.6655,28,1,0
"913",2020-03-26,"Guam",13.4443,144.7937,45,1,0
"914",2020-03-26,"Hawaii",21.0943,-157.4983,95,0,0
"915",2020-03-26,"Idaho",44.2405,-114.4788,146,3,0
"916",2020-03-26,"Illinois",40.3495,-88.9861,2538,26,0
"917",2020-03-26,"Indiana",39.8494,-86.2583,645,17,0
"918",2020-03-26,"Iowa",42.0115,-93.2105,179,1,0
"919",2020-03-26,"Kansas",38.5266,-96.7265,172,3,0
"920",2020-03-26,"Kentucky",37.6681,-84.6701,247,5,0
"921",2020-03-26,"Louisiana",31.1695,-91.8678,2304,83,0
"922",2020-03-26,"Maine",44.6939,-69.3819,155,0,0
"923",2020-03-26,"Maryland",39.0639,-76.8021,583,4,0
"924",2020-03-26,"Massachusetts",42.2302,-71.5301,2417,25,0
"925",2020-03-26,"Michigan",43.3266,-84.5361,2845,61,0
"926",2020-03-26,"Minnesota",45.6945,-93.9002,344,2,0
"927",2020-03-26,"Mississippi",32.7416,-89.6787,485,6,0
"928",2020-03-26,"Missouri",38.4561,-92.2884,520,9,0
"929",2020-03-26,"Montana",46.9219,-110.4544,90,0,0
"930",2020-03-26,"Nebraska",41.1254,-98.2681,74,0,0
"931",2020-03-26,"Nevada",38.3135,-117.0554,420,10,0
"932",2020-03-26,"New Hampshire",43.4525,-71.5639,137,1,0
"933",2020-03-26,"New Jersey",40.2989,-74.521,6876,81,0
"934",2020-03-26,"New Mexico",34.8405,-106.2485,113,1,0
"935",2020-03-26,"New York",42.1657,-74.9481,37877,385,0
"936",2020-03-26,"North Carolina",35.6301,-79.8064,738,3,0
"937",2020-03-26,"North Dakota",47.5289,-99.784,51,0,0
"938",2020-03-26,"Northern Mariana Islands",15.0979,145.6739,0,0,0
"939",2020-03-26,"Ohio",40.3888,-82.7649,868,15,0
"940",2020-03-26,"Oklahoma",35.5653,-96.9289,248,7,0
"941",2020-03-26,"Oregon",44.572,-122.0709,316,11,0
"942",2020-03-26,"Pennsylvania",40.5908,-77.2098,1795,18,0
"943",2020-03-26,"Puerto Rico",18.2208,-66.5901,64,2,0
"944",2020-03-26,"Recovered",0,0,0,0,681
"945",2020-03-26,"Rhode Island",41.6809,-71.5118,165,0,0
"946",2020-03-26,"South Carolina",33.8569,-80.945,424,9,0
"947",2020-03-26,"South Dakota",44.2998,-99.4388,46,1,0
"948",2020-03-26,"Tennessee",35.7478,-86.6923,1097,3,0
"949",2020-03-26,"Texas",31.0545,-97.5635,1563,21,0
"950",2020-03-26,"Utah",40.15,-111.8624,396,1,0
"951",2020-03-26,"Vermont",44.0459,-72.7107,158,9,0
"952",2020-03-26,"Virgin Islands",18.3358,-64.8963,17,0,0
"953",2020-03-26,"Virginia",37.7693,-78.17,466,10,0
"954",2020-03-26,"Washington",47.4009,-121.4905,3207,150,0
"955",2020-03-26,"West Virginia",38.4912,-80.9545,52,0,0
"956",2020-03-26,"Wisconsin",44.2685,-89.6165,728,10,0
"957",2020-03-26,"Wyoming",42.756,-107.3025,53,0,0
